post_id,created_at_utc,last_upserted_at,final_weight,sentiment_score,happiness,sadness,fear,anger,surprise,disgust,upvotes,downvotes,num_comments,total_awards_received
t3_1g9bi33,1729577645,1729732958,90.98,26.12,30.3,0.2,1.2,0.0,5.4,0.0,5539,335,76,0
t3_1g974yg,1729562420,1729732958,64.23,-25.82,1.7,9.1,12.7,26.4,5.7,1.2,1237,35,170,0
t3_1g938a0,1729551037,1729732960,51.99,-11.30,1.0,15.8,12.3,1.9,13.5,0.0,1272,152,254,0
t3_1g97ewu,1729563235,1729732957,36.71,29.37,30.1,0.0,0.0,0.0,3.7,0.0,1141,56,163,0
t3_1g9hotx,1729602427,1729732959,30.89,-2.35,1.8,2.4,1.2,3.4,4.0,0.0,303,0,0,0
t3_1g9nywl,1729618491,1729732958,30.65,10.61,13.4,4.1,0.2,0.2,4.9,0.2,334,12,73,0
t3_1g9hurq,1729602898,1729732957,26.58,-9.75,0.0,3.6,11.4,4.8,4.6,2.7,255,6,52,0
t3_1g9o6se,1729619045,1729732960,21.92,9.52,11.1,0.0,0.0,0.0,6.9,0.0,176,20,35,0
t3_1g95toa,1729558362,1729732959,21.41,3.25,7.2,0.0,0.0,3.7,5.6,0.0,221,21,70,0
t3_1g9c3k4,1729580313,1729732959,20.55,4.26,9.3,2.8,0.2,1.6,3.8,0.5,178,5,51,0
t3_1g9lh15,1729612340,1729732959,15.28,-2.84,0.5,0.0,0.0,3.6,8.0,0.0,86,4,13,0
t3_1g9grx9,1729599722,1729732958,12.84,-7.77,0.1,3.5,5.5,1.0,0.8,0.5,79,0,0,0
t3_1g93yum,1729553108,1729732959,11.66,2.54,3.0,0.0,0.0,0.0,0.8,0.0,50,0,0,0
t3_1g9mzyo,1729616115,1729732960,11.07,0.98,2.3,1.3,0.2,1.6,2.1,0.2,22,3,13,0
t3_1g9bgur,1729577497,1729732959,10.66,1.23,2.3,2.7,0.1,0.5,5.2,0.1,63,9,19,0
t3_1g97sk9,1729564403,1729732958,9.84,-1.64,0.7,2.3,0.3,2.3,1.3,0.1,28,6,14,0
t3_1g9oxy9,1729620885,1729732960,7.73,2.38,4.3,1.4,0.0,0.9,1.1,0.0,39,5,9,0
t3_1g96rud,1729561317,1729732958,5.68,4.03,4.1,0.0,0.0,0.0,0.4,0.0,18,2,8,0
t3_1g9ifna,1729604539,1729732960,5.49,0.00,0.0,0.0,4.6,0.0,0.0,0.0,27,6,8,0
t3_1g9m1wc,1729613787,1729732961,5.31,2.75,2.8,0.1,0.0,0.0,0.2,0.0,31,12,7,0
t3_1g92lnj,1729549292,1729732960,4.12,0.49,0.5,0.1,0.1,0.1,0.2,0.1,17,3,2,0
t3_1g9a187,1729571869,1729732959,3.54,0.25,0.3,0.1,0.1,0.1,0.5,0.1,7,0,0,0
t3_1g9ffhq,1729595048,1729732957,2.88,2.01,2.0,0.0,0.0,0.0,0.3,0.0,12,3,1,0
t3_1g9fr9f,1729612184,1729732961,1.51,1.20,1.4,0.0,0.0,0.0,0.2,0.0,3,0,0,0
t3_1g994rj,1729568726,1729732961,0.83,0.00,0.0,0.0,0.0,0.0,0.0,0.0,1,0,0,0